name,url,team
Bol Bol,https://www.espn.com/nba/player/gamelog/_/id/4397102/bol-bol,BOS
Jaylen Brown,https://www.espn.com/nba/player/gamelog/_/id/3917376/jaylen-brown,BOS
P.J. Dozier,https://www.espn.com/nba/player/gamelog/_/id/3923250/pj-dozier,BOS
Bruno Fernando,https://www.espn.com/nba/player/gamelog/_/id/4277952/bruno-fernando,BOS
Enes Freedom,https://www.espn.com/nba/player/gamelog/_/id/6447/enes-freedom,BOS
Sam Hauser,https://www.espn.com/nba/player/gamelog/_/id/4065804/sam-hauser,BOS
Al Horford,https://www.espn.com/nba/player/gamelog/_/id/3213/al-horford,BOS
Romeo Langford,https://www.espn.com/nba/player/gamelog/_/id/4397008/romeo-langford,BOS
Aaron Nesmith,https://www.espn.com/nba/player/gamelog/_/id/4396909/aaron-nesmith,BOS
Payton Pritchard,https://www.espn.com/nba/player/gamelog/_/id/4066354/payton-pritchard,BOS
Josh Richardson,https://www.espn.com/nba/player/gamelog/_/id/2581190/josh-richardson,BOS
Dennis Schroder,https://www.espn.com/nba/player/gamelog/_/id/3032979/dennis-schroder,BOS
Marcus Smart,https://www.espn.com/nba/player/gamelog/_/id/2990992/marcus-smart,BOS
Jayson Tatum,https://www.espn.com/nba/player/gamelog/_/id/4065648/jayson-tatum,BOS
Brodric Thomas,https://www.espn.com/nba/player/gamelog/_/id/4407254/brodric-thomas,BOS
Grant Williams,https://www.espn.com/nba/player/gamelog/_/id/4066218/grant-williams,BOS
Robert Williams III,https://www.espn.com/nba/player/gamelog/_/id/4066211/robert-williams-iii,BOS
LaMarcus Aldridge,https://www.espn.com/nba/player/gamelog/_/id/2983/lamarcus-aldridge,BKN
DeAndre' Bembry,https://www.espn.com/nba/player/gamelog/_/id/3062667/deandre-bembry,BKN
Bruce Brown,https://www.espn.com/nba/player/gamelog/_/id/4065670/bruce-brown,BKN
Jevon Carter,https://www.espn.com/nba/player/gamelog/_/id/3133635/jevon-carter,BKN
Nic Claxton,https://www.espn.com/nba/player/gamelog/_/id/4278067/nic-claxton,BKN
David Duke Jr.,https://www.espn.com/nba/player/gamelog/_/id/4397107/david-duke-jr,BKN
Kevin Durant,https://www.espn.com/nba/player/gamelog/_/id/3202/kevin-durant,BKN
Kessler Edwards,https://www.espn.com/nba/player/gamelog/_/id/4397693/kessler-edwards,BKN
Blake Griffin,https://www.espn.com/nba/player/gamelog/_/id/3989/blake-griffin,BKN
James Harden,https://www.espn.com/nba/player/gamelog/_/id/3992/james-harden,BKN
Joe Harris,https://www.espn.com/nba/player/gamelog/_/id/2528794/joe-harris,BKN
Kyrie Irving,https://www.espn.com/nba/player/gamelog/_/id/6442/kyrie-irving,BKN
James Johnson,https://www.espn.com/nba/player/gamelog/_/id/3999/james-johnson,BKN
Patty Mills,https://www.espn.com/nba/player/gamelog/_/id/4004/patty-mills,BKN
Paul Millsap,https://www.espn.com/nba/player/gamelog/_/id/3015/paul-millsap,BKN
Day'Ron Sharpe,https://www.espn.com/nba/player/gamelog/_/id/4432194/dayron-sharpe,BKN
Cam Thomas,https://www.espn.com/nba/player/gamelog/_/id/4432174/cam-thomas,BKN
Marcus Zegarowski,https://www.espn.com/nba/player/gamelog/_/id/4397036/marcus-zegarowski,BKN
Ryan Arcidiacono,https://www.espn.com/nba/player/gamelog/_/id/2991047/ryan-arcidiacono,NY
RJ Barrett,https://www.espn.com/nba/player/gamelog/_/id/4395625/rj-barrett,NY
Alec Burks,https://www.espn.com/nba/player/gamelog/_/id/6429/alec-burks,NY
Evan Fournier,https://www.espn.com/nba/player/gamelog/_/id/6588/evan-fournier,NY
Taj Gibson,https://www.espn.com/nba/player/gamelog/_/id/3986/taj-gibson,NY
Quentin Grimes,https://www.espn.com/nba/player/gamelog/_/id/4397014/quentin-grimes,NY
Miles McBride,https://www.espn.com/nba/player/gamelog/_/id/4431823/miles-mcbride,NY
Nerlens Noel,https://www.espn.com/nba/player/gamelog/_/id/2991280/nerlens-noel,NY
Immanuel Quickley,https://www.espn.com/nba/player/gamelog/_/id/4395724/immanuel-quickley,NY
Julius Randle,https://www.espn.com/nba/player/gamelog/_/id/3064514/julius-randle,NY
Cam Reddish,https://www.espn.com/nba/player/gamelog/_/id/4395627/cam-reddish,NY
Mitchell Robinson,https://www.espn.com/nba/player/gamelog/_/id/4351852/mitchell-robinson,NY
Derrick Rose,https://www.espn.com/nba/player/gamelog/_/id/3456/derrick-rose,NY
Luka Samanic,https://www.espn.com/nba/player/gamelog/_/id/4423309/luka-samanic,NY
Jericho Sims,https://www.espn.com/nba/player/gamelog/_/id/4277922/jericho-sims,NY
Obi Toppin,https://www.espn.com/nba/player/gamelog/_/id/4278355/obi-toppin,NY
Kemba Walker,https://www.espn.com/nba/player/gamelog/_/id/6479/kemba-walker,NY
Charles Bassey,https://www.espn.com/nba/player/gamelog/_/id/4397886/charles-bassey,PHI
Charlie Brown Jr.,https://www.espn.com/nba/player/gamelog/_/id/4066508/charlie-brown-jr,PHI
Seth Curry,https://www.espn.com/nba/player/gamelog/_/id/2326307/seth-curry,PHI
Andre Drummond,https://www.espn.com/nba/player/gamelog/_/id/6585/andre-drummond,PHI
Joel Embiid,https://www.espn.com/nba/player/gamelog/_/id/3059318/joel-embiid,PHI
Danny Green,https://www.espn.com/nba/player/gamelog/_/id/3988/danny-green,PHI
Tobias Harris,https://www.espn.com/nba/player/gamelog/_/id/6440/tobias-harris,PHI
Isaiah Joe,https://www.espn.com/nba/player/gamelog/_/id/4395702/isaiah-joe,PHI
Furkan Korkmaz,https://www.espn.com/nba/player/gamelog/_/id/3929325/furkan-korkmaz,PHI
Tyrese Maxey,https://www.espn.com/nba/player/gamelog/_/id/4431678/tyrese-maxey,PHI
Shake Milton,https://www.espn.com/nba/player/gamelog/_/id/3915195/shake-milton,PHI
Georges Niang,https://www.espn.com/nba/player/gamelog/_/id/2990969/georges-niang,PHI
Myles Powell,https://www.espn.com/nba/player/gamelog/_/id/4065816/myles-powell,PHI
Paul Reed,https://www.espn.com/nba/player/gamelog/_/id/4278562/paul-reed,PHI
Ben Simmons,https://www.espn.com/nba/player/gamelog/_/id/3907387/ben-simmons,PHI
Jaden Springer,https://www.espn.com/nba/player/gamelog/_/id/4432164/jaden-springer,PHI
Matisse Thybulle,https://www.espn.com/nba/player/gamelog/_/id/3907498/matisse-thybulle,PHI
Precious Achiuwa,https://www.espn.com/nba/player/gamelog/_/id/4431679/precious-achiuwa,TOR
OG Anunoby,https://www.espn.com/nba/player/gamelog/_/id/3934719/og-anunoby,TOR
Dalano Banton,https://www.espn.com/nba/player/gamelog/_/id/4397885/dalano-banton,TOR
Scottie Barnes,https://www.espn.com/nba/player/gamelog/_/id/4433134/scottie-barnes,TOR
Khem Birch,https://www.espn.com/nba/player/gamelog/_/id/2578240/khem-birch,TOR
Isaac Bonga,https://www.espn.com/nba/player/gamelog/_/id/4348697/isaac-bonga,TOR
Chris Boucher,https://www.espn.com/nba/player/gamelog/_/id/3948153/chris-boucher,TOR
Justin Champagnie,https://www.espn.com/nba/player/gamelog/_/id/4432907/justin-champagnie,TOR
Goran Dragic,https://www.espn.com/nba/player/gamelog/_/id/3423/goran-dragic,TOR
Malachi Flynn,https://www.espn.com/nba/player/gamelog/_/id/4066668/malachi-flynn,TOR
David Johnson,https://www.espn.com/nba/player/gamelog/_/id/4592204/david-johnson,TOR
Svi Mykhailiuk,https://www.espn.com/nba/player/gamelog/_/id/3133602/svi-mykhailiuk,TOR
Pascal Siakam,https://www.espn.com/nba/player/gamelog/_/id/3149673/pascal-siakam,TOR
Gary Trent Jr.,https://www.espn.com/nba/player/gamelog/_/id/4277843/gary-trent-jr,TOR
Fred VanVleet,https://www.espn.com/nba/player/gamelog/_/id/2991230/fred-vanvleet,TOR
Yuta Watanabe,https://www.espn.com/nba/player/gamelog/_/id/3133838/yuta-watanabe,TOR
D.J. Wilson,https://www.espn.com/nba/player/gamelog/_/id/3136491/dj-wilson,TOR
Nemanja Bjelica,https://www.espn.com/nba/player/gamelog/_/id/4269/nemanja-bjelica,GS
Chris Chiozza,https://www.espn.com/nba/player/gamelog/_/id/3137795/chris-chiozza,GS
Stephen Curry,https://www.espn.com/nba/player/gamelog/_/id/3975/stephen-curry,GS
Draymond Green,https://www.espn.com/nba/player/gamelog/_/id/6589/draymond-green,GS
Andre Iguodala,https://www.espn.com/nba/player/gamelog/_/id/2386/andre-iguodala,GS
Jonathan Kuminga,https://www.espn.com/nba/player/gamelog/_/id/4433247/jonathan-kuminga,GS
Damion Lee,https://www.espn.com/nba/player/gamelog/_/id/2595209/damion-lee,GS
Kevon Looney,https://www.espn.com/nba/player/gamelog/_/id/3155535/kevon-looney,GS
Moses Moody,https://www.espn.com/nba/player/gamelog/_/id/4432171/moses-moody,GS
Gary Payton II,https://www.espn.com/nba/player/gamelog/_/id/3134903/gary-payton-ii,GS
Jordan Poole,https://www.espn.com/nba/player/gamelog/_/id/4277956/jordan-poole,GS
Otto Porter Jr.,https://www.espn.com/nba/player/gamelog/_/id/2594922/otto-porter-jr,GS
Klay Thompson,https://www.espn.com/nba/player/gamelog/_/id/6475/klay-thompson,GS
Juan Toscano-Anderson,https://www.espn.com/nba/player/gamelog/_/id/4401416/juan-toscano-anderson,GS
Quinndary Weatherspoon,https://www.espn.com/nba/player/gamelog/_/id/3907358/quinndary-weatherspoon,GS
Andrew Wiggins,https://www.espn.com/nba/player/gamelog/_/id/3059319/andrew-wiggins,GS
James Wiseman,https://www.espn.com/nba/player/gamelog/_/id/4432808/james-wiseman,GS
Nicolas Batum,https://www.espn.com/nba/player/gamelog/_/id/3416/nicolas-batum,LAC
Eric Bledsoe,https://www.espn.com/nba/player/gamelog/_/id/4238/eric-bledsoe,LAC
Brandon Boston Jr.,https://www.espn.com/nba/player/gamelog/_/id/4432162/brandon-boston-jr,LAC
Amir Coffey,https://www.espn.com/nba/player/gamelog/_/id/4066387/amir-coffey,LAC
Wenyen Gabriel,https://www.espn.com/nba/player/gamelog/_/id/4066264/wenyen-gabriel,LAC
Paul George,https://www.espn.com/nba/player/gamelog/_/id/4251/paul-george,LAC
Isaiah Hartenstein,https://www.espn.com/nba/player/gamelog/_/id/4222252/isaiah-hartenstein,LAC
Serge Ibaka,https://www.espn.com/nba/player/gamelog/_/id/3439/serge-ibaka,LAC
Reggie Jackson,https://www.espn.com/nba/player/gamelog/_/id/6443/reggie-jackson,LAC
Keon Johnson,https://www.espn.com/nba/player/gamelog/_/id/4432192/keon-johnson,LAC
Luke Kennard,https://www.espn.com/nba/player/gamelog/_/id/3913174/luke-kennard,LAC
Kawhi Leonard,https://www.espn.com/nba/player/gamelog/_/id/6450/kawhi-leonard,LAC
Terance Mann,https://www.espn.com/nba/player/gamelog/_/id/3907823/terance-mann,LAC
Xavier Moon,https://www.espn.com/nba/player/gamelog/_/id/3914075/xavier-moon,LAC
Marcus Morris Sr.,https://www.espn.com/nba/player/gamelog/_/id/6462/marcus-morris-sr,LAC
Jason Preston,https://www.espn.com/nba/player/gamelog/_/id/4397916/jason-preston,LAC
Jay Scrubb,https://www.espn.com/nba/player/gamelog/_/id/4683023/jay-scrubb,LAC
Justise Winslow,https://www.espn.com/nba/player/gamelog/_/id/3135047/justise-winslow,LAC
Ivica Zubac,https://www.espn.com/nba/player/gamelog/_/id/4017837/ivica-zubac,LAC
Carmelo Anthony,https://www.espn.com/nba/player/gamelog/_/id/1975/carmelo-anthony,LAL
Trevor Ariza,https://www.espn.com/nba/player/gamelog/_/id/2426/trevor-ariza,LAL
Kent Bazemore,https://www.espn.com/nba/player/gamelog/_/id/6637/kent-bazemore,LAL
Avery Bradley,https://www.espn.com/nba/player/gamelog/_/id/4240/avery-bradley,LAL
Anthony Davis,https://www.espn.com/nba/player/gamelog/_/id/6583/anthony-davis,LAL
Sekou Doumbouya,https://www.espn.com/nba/player/gamelog/_/id/4423314/sekou-doumbouya,LAL
Wayne Ellington,https://www.espn.com/nba/player/gamelog/_/id/3981/wayne-ellington,LAL
Talen Horton-Tucker,https://www.espn.com/nba/player/gamelog/_/id/4396991/talen-horton-tucker,LAL
Dwight Howard,https://www.espn.com/nba/player/gamelog/_/id/2384/dwight-howard,LAL
LeBron James,https://www.espn.com/nba/player/gamelog/_/id/1966/lebron-james,LAL
Stanley Johnson,https://www.espn.com/nba/player/gamelog/_/id/3134881/stanley-johnson,LAL
Mason Jones,https://www.espn.com/nba/player/gamelog/_/id/4395704/mason-jones,LAL
DeAndre Jordan,https://www.espn.com/nba/player/gamelog/_/id/3442/deandre-jordan,LAL
Malik Monk,https://www.espn.com/nba/player/gamelog/_/id/4066262/malik-monk,LAL
Kendrick Nunn,https://www.espn.com/nba/player/gamelog/_/id/3056247/kendrick-nunn,LAL
Austin Reaves,https://www.espn.com/nba/player/gamelog/_/id/4066457/austin-reaves,LAL
Russell Westbrook,https://www.espn.com/nba/player/gamelog/_/id/3468/russell-westbrook,LAL
Deandre Ayton,https://www.espn.com/nba/player/gamelog/_/id/4278129/deandre-ayton,PHX
Paris Bass,https://www.espn.com/nba/player/gamelog/_/id/3062842/paris-bass,PHX
Bismack Biyombo,https://www.espn.com/nba/player/gamelog/_/id/6427/bismack-biyombo,PHX
Devin Booker,https://www.espn.com/nba/player/gamelog/_/id/3136193/devin-booker,PHX
Mikal Bridges,https://www.espn.com/nba/player/gamelog/_/id/3147657/mikal-bridges,PHX
Jae Crowder,https://www.espn.com/nba/player/gamelog/_/id/6581/jae-crowder,PHX
Justin Jackson,https://www.espn.com/nba/player/gamelog/_/id/3138156/justin-jackson,PHX
Cameron Johnson,https://www.espn.com/nba/player/gamelog/_/id/3138196/cameron-johnson,PHX
Frank Kaminsky,https://www.espn.com/nba/player/gamelog/_/id/2579294/frank-kaminsky,PHX
JaVale McGee,https://www.espn.com/nba/player/gamelog/_/id/3452/javale-mcgee,PHX
Abdel Nader,https://www.espn.com/nba/player/gamelog/_/id/2595435/abdel-nader,PHX
Chris Paul,https://www.espn.com/nba/player/gamelog/_/id/2779/chris-paul,PHX
Cameron Payne,https://www.espn.com/nba/player/gamelog/_/id/3064230/cameron-payne,PHX
Elfrid Payton,https://www.espn.com/nba/player/gamelog/_/id/2583639/elfrid-payton,PHX
Dario Saric,https://www.espn.com/nba/player/gamelog/_/id/3032978/dario-saric,PHX
Landry Shamet,https://www.espn.com/nba/player/gamelog/_/id/3914044/landry-shamet,PHX
Jalen Smith,https://www.espn.com/nba/player/gamelog/_/id/4397189/jalen-smith,PHX
Ish Wainright,https://www.espn.com/nba/player/gamelog/_/id/3059307/ish-wainright,PHX
Marvin Bagley III,https://www.espn.com/nba/player/gamelog/_/id/4277848/marvin-bagley-iii,SAC
Harrison Barnes,https://www.espn.com/nba/player/gamelog/_/id/6578/harrison-barnes,SAC
Terence Davis,https://www.espn.com/nba/player/gamelog/_/id/3919454/terence-davis,SAC
De'Aaron Fox,https://www.espn.com/nba/player/gamelog/_/id/4066259/deaaron-fox,SAC
Tyrese Haliburton,https://www.espn.com/nba/player/gamelog/_/id/4396993/tyrese-haliburton,SAC
Maurice Harkless,https://www.espn.com/nba/player/gamelog/_/id/6591/maurice-harkless,SAC
Buddy Hield,https://www.espn.com/nba/player/gamelog/_/id/2990984/buddy-hield,SAC
Richaun Holmes,https://www.espn.com/nba/player/gamelog/_/id/2993370/richaun-holmes,SAC
Damian Jones,https://www.espn.com/nba/player/gamelog/_/id/3064559/damian-jones,SAC
Louis King,https://www.espn.com/nba/player/gamelog/_/id/4397103/louis-king,SAC
Alex Len,https://www.espn.com/nba/player/gamelog/_/id/2596107/alex-len,SAC
Chimezie Metu,https://www.espn.com/nba/player/gamelog/_/id/3914283/chimezie-metu,SAC
Davion Mitchell,https://www.espn.com/nba/player/gamelog/_/id/4278053/davion-mitchell,SAC
Neemias Queta,https://www.espn.com/nba/player/gamelog/_/id/4397424/neemias-queta,SAC
Jahmi'us Ramsey,https://www.espn.com/nba/player/gamelog/_/id/4431688/jahmius-ramsey,SAC
Tristan Thompson,https://www.espn.com/nba/player/gamelog/_/id/6474/tristan-thompson,SAC
Robert Woodard II,https://www.espn.com/nba/player/gamelog/_/id/4396961/robert-woodard-ii,SAC
Lonzo Ball,https://www.espn.com/nba/player/gamelog/_/id/4066421/lonzo-ball,CHI
Tony Bradley,https://www.espn.com/nba/player/gamelog/_/id/4065673/tony-bradley,CHI
Troy Brown Jr.,https://www.espn.com/nba/player/gamelog/_/id/4278508/troy-brown-jr,CHI
Alex Caruso,https://www.espn.com/nba/player/gamelog/_/id/2991350/alex-caruso,CHI
Tyler Cook,https://www.espn.com/nba/player/gamelog/_/id/4066367/tyler-cook,CHI
DeMar DeRozan,https://www.espn.com/nba/player/gamelog/_/id/3978/demar-derozan,CHI
Ayo Dosunmu,https://www.espn.com/nba/player/gamelog/_/id/4397002/ayo-dosunmu,CHI
Devon Dotson,https://www.espn.com/nba/player/gamelog/_/id/4397016/devon-dotson,CHI
Javonte Green,https://www.espn.com/nba/player/gamelog/_/id/2596112/javonte-green,CHI
Malcolm Hill,https://www.espn.com/nba/player/gamelog/_/id/3056245/malcolm-hill,CHI
Derrick Jones Jr.,https://www.espn.com/nba/player/gamelog/_/id/3936099/derrick-jones-jr,CHI
Zach LaVine,https://www.espn.com/nba/player/gamelog/_/id/3064440/zach-lavine,CHI
Mac McClung,https://www.espn.com/nba/player/gamelog/_/id/4397071/mac-mcclung,CHI
Alfonzo McKinnie,https://www.espn.com/nba/player/gamelog/_/id/2530923/alfonzo-mckinnie,CHI
Marko Simonovic,https://www.espn.com/nba/player/gamelog/_/id/4683622/marko-simonovic,CHI
Matt Thomas,https://www.espn.com/nba/player/gamelog/_/id/3059311/matt-thomas,CHI
Nikola Vucevic,https://www.espn.com/nba/player/gamelog/_/id/6478/nikola-vucevic,CHI
Coby White,https://www.espn.com/nba/player/gamelog/_/id/4395651/coby-white,CHI
Patrick Williams,https://www.espn.com/nba/player/gamelog/_/id/4431687/patrick-williams,CHI
Jarrett Allen,https://www.espn.com/nba/player/gamelog/_/id/4066328/jarrett-allen,CLE
Ed Davis,https://www.espn.com/nba/player/gamelog/_/id/4259/ed-davis,CLE
Darius Garland,https://www.espn.com/nba/player/gamelog/_/id/4396907/darius-garland,CLE
Brandon Goodwin,https://www.espn.com/nba/player/gamelog/_/id/3057198/brandon-goodwin,CLE
Kevin Love,https://www.espn.com/nba/player/gamelog/_/id/3449/kevin-love,CLE
Lauri Markkanen,https://www.espn.com/nba/player/gamelog/_/id/4066336/lauri-markkanen,CLE
Evan Mobley,https://www.espn.com/nba/player/gamelog/_/id/4432158/evan-mobley,CLE
RJ Nembhard Jr.,https://www.espn.com/nba/player/gamelog/_/id/4277916/rj-nembhard-jr,CLE
Malik Newman,https://www.espn.com/nba/player/gamelog/_/id/3907359/malik-newman,CLE
Isaac Okoro,https://www.espn.com/nba/player/gamelog/_/id/4432822/isaac-okoro,CLE
Cedi Osman,https://www.espn.com/nba/player/gamelog/_/id/3893016/cedi-osman,CLE
Kevin Pangos,https://www.espn.com/nba/player/gamelog/_/id/2583962/kevin-pangos,CLE
Rajon Rondo,https://www.espn.com/nba/player/gamelog/_/id/3026/rajon-rondo,CLE
Ricky Rubio,https://www.espn.com/nba/player/gamelog/_/id/4011/ricky-rubio,CLE
Trevon Scott,https://www.espn.com/nba/player/gamelog/_/id/4711005/trevon-scott,CLE
Collin Sexton,https://www.espn.com/nba/player/gamelog/_/id/4277811/collin-sexton,CLE
Lamar Stevens,https://www.espn.com/nba/player/gamelog/_/id/4066405/lamar-stevens,CLE
Dean Wade,https://www.espn.com/nba/player/gamelog/_/id/3912848/dean-wade,CLE
Dylan Windler,https://www.espn.com/nba/player/gamelog/_/id/3906786/dylan-windler,CLE
Saddiq Bey,https://www.espn.com/nba/player/gamelog/_/id/4397136/saddiq-bey,DET
Cade Cunningham,https://www.espn.com/nba/player/gamelog/_/id/4432166/cade-cunningham,DET
Hamidou Diallo,https://www.espn.com/nba/player/gamelog/_/id/4080610/hamidou-diallo,DET
Luka Garza,https://www.espn.com/nba/player/gamelog/_/id/4277951/luka-garza,DET
Jerami Grant,https://www.espn.com/nba/player/gamelog/_/id/2991070/jerami-grant,DET
Killian Hayes,https://www.espn.com/nba/player/gamelog/_/id/4683024/killian-hayes,DET
Frank Jackson,https://www.espn.com/nba/player/gamelog/_/id/4065651/frank-jackson,DET
Josh Jackson,https://www.espn.com/nba/player/gamelog/_/id/4066297/josh-jackson,DET
Cory Joseph,https://www.espn.com/nba/player/gamelog/_/id/6446/cory-joseph,DET
Saben Lee,https://www.espn.com/nba/player/gamelog/_/id/4278124/saben-lee,DET
Isaiah Livers,https://www.espn.com/nba/player/gamelog/_/id/4277957/isaiah-livers,DET
Trey Lyles,https://www.espn.com/nba/player/gamelog/_/id/3136196/trey-lyles,DET
Rodney McGruder,https://www.espn.com/nba/player/gamelog/_/id/2488826/rodney-mcgruder,DET
Kelly Olynyk,https://www.espn.com/nba/player/gamelog/_/id/2489663/kelly-olynyk,DET
Jaysean Paige,https://www.espn.com/nba/player/gamelog/_/id/3133637/jaysean-paige,DET
Trayvon Palmer,https://www.espn.com/nba/player/gamelog/_/id/3151568/trayvon-palmer,DET
Jamorko Pickett,https://www.espn.com/nba/player/gamelog/_/id/4278566/jamorko-pickett,DET
Justin Robinson,https://www.espn.com/nba/player/gamelog/_/id/3945566/justin-robinson,DET
Chris Smith,https://www.espn.com/nba/player/gamelog/_/id/4278527/chris-smith,DET
Cassius Stanley,https://www.espn.com/nba/player/gamelog/_/id/4431686/cassius-stanley,DET
Isaiah Stewart,https://www.espn.com/nba/player/gamelog/_/id/4432810/isaiah-stewart,DET
Derrick Walton Jr.,https://www.espn.com/nba/player/gamelog/_/id/3056273/derrick-walton-jr,DET
Justin Anderson,https://www.espn.com/nba/player/gamelog/_/id/2982340/justin-anderson,IND
Goga Bitadze,https://www.espn.com/nba/player/gamelog/_/id/4348700/goga-bitadze,IND
Oshae Brissett,https://www.espn.com/nba/player/gamelog/_/id/4278031/oshae-brissett,IND
Malcolm Brogdon,https://www.espn.com/nba/player/gamelog/_/id/2566769/malcolm-brogdon,IND
Torrey Craig,https://www.espn.com/nba/player/gamelog/_/id/2528693/torrey-craig,IND
Chris Duarte,https://www.espn.com/nba/player/gamelog/_/id/4592402/chris-duarte,IND
Justin Holiday,https://www.espn.com/nba/player/gamelog/_/id/2284101/justin-holiday,IND
Isaiah Jackson,https://www.espn.com/nba/player/gamelog/_/id/4432170/isaiah-jackson,IND
Jeremy Lamb,https://www.espn.com/nba/player/gamelog/_/id/6603/jeremy-lamb,IND
Caris LeVert,https://www.espn.com/nba/player/gamelog/_/id/2991043/caris-levert,IND
T.J. McConnell,https://www.espn.com/nba/player/gamelog/_/id/2530530/tj-mcconnell,IND
Domantas Sabonis,https://www.espn.com/nba/player/gamelog/_/id/3155942/domantas-sabonis,IND
Lance Stephenson,https://www.espn.com/nba/player/gamelog/_/id/4244/lance-stephenson,IND
Keifer Sykes,https://www.espn.com/nba/player/gamelog/_/id/2596247/keifer-sykes,IND
Terry Taylor,https://www.espn.com/nba/player/gamelog/_/id/4279815/terry-taylor,IND
Myles Turner,https://www.espn.com/nba/player/gamelog/_/id/3133628/myles-turner,IND
T.J. Warren,https://www.espn.com/nba/player/gamelog/_/id/2982334/tj-warren,IND
Duane Washington Jr.,https://www.espn.com/nba/player/gamelog/_/id/4397235/duane-washington-jr,IND
Grayson Allen,https://www.espn.com/nba/player/gamelog/_/id/3135045/grayson-allen,MIL
Giannis Antetokounmpo,https://www.espn.com/nba/player/gamelog/_/id/3032977/giannis-antetokounmpo,MIL
Thanasis Antetokounmpo,https://www.espn.com/nba/player/gamelog/_/id/3102533/thanasis-antetokounmpo,MIL
Pat Connaughton,https://www.espn.com/nba/player/gamelog/_/id/2578239/pat-connaughton,MIL
Donte DiVincenzo,https://www.espn.com/nba/player/gamelog/_/id/3934673/donte-divincenzo,MIL
Jeff Dowtin,https://www.espn.com/nba/player/gamelog/_/id/4066786/jeff-dowtin,MIL
Langston Galloway,https://www.espn.com/nba/player/gamelog/_/id/2530572/langston-galloway,MIL
George Hill,https://www.espn.com/nba/player/gamelog/_/id/3438/george-hill,MIL
Jrue Holiday,https://www.espn.com/nba/player/gamelog/_/id/3995/jrue-holiday,MIL
Rodney Hood,https://www.espn.com/nba/player/gamelog/_/id/2581177/rodney-hood,MIL
Brook Lopez,https://www.espn.com/nba/player/gamelog/_/id/3448/brook-lopez,MIL
Sandro Mamukelashvili,https://www.espn.com/nba/player/gamelog/_/id/4278580/sandro-mamukelashvili,MIL
Wesley Matthews,https://www.espn.com/nba/player/gamelog/_/id/4032/wesley-matthews,MIL
Khris Middleton,https://www.espn.com/nba/player/gamelog/_/id/6609/khris-middleton,MIL
Jordan Nwora,https://www.espn.com/nba/player/gamelog/_/id/4277883/jordan-nwora,MIL
Semi Ojeleye,https://www.espn.com/nba/player/gamelog/_/id/3056602/semi-ojeleye,MIL
Bobby Portis,https://www.espn.com/nba/player/gamelog/_/id/3064482/bobby-portis,MIL
Lindell Wigginton,https://www.espn.com/nba/player/gamelog/_/id/4277887/lindell-wigginton,MIL
Moses Brown,https://www.espn.com/nba/player/gamelog/_/id/4397126/moses-brown,DAL
Sterling Brown,https://www.espn.com/nba/player/gamelog/_/id/3057187/sterling-brown,DAL
Jalen Brunson,https://www.espn.com/nba/player/gamelog/_/id/3934672/jalen-brunson,DAL
Reggie Bullock,https://www.espn.com/nba/player/gamelog/_/id/2528779/reggie-bullock,DAL
Trey Burke,https://www.espn.com/nba/player/gamelog/_/id/2579260/trey-burke,DAL
Marquese Chriss,https://www.espn.com/nba/player/gamelog/_/id/3907487/marquese-chriss,DAL
Luka Doncic,https://www.espn.com/nba/player/gamelog/_/id/3945274/luka-doncic,DAL
Dorian Finney-Smith,https://www.espn.com/nba/player/gamelog/_/id/2578185/dorian-finney-smith,DAL
Josh Green,https://www.espn.com/nba/player/gamelog/_/id/4432811/josh-green,DAL
Tim Hardaway Jr.,https://www.espn.com/nba/player/gamelog/_/id/2528210/tim-hardaway-jr,DAL
George King,https://www.espn.com/nba/player/gamelog/_/id/3064320/george-king,DAL
Maxi Kleber,https://www.espn.com/nba/player/gamelog/_/id/2960236/maxi-kleber,DAL
Boban Marjanovic,https://www.espn.com/nba/player/gamelog/_/id/4376/boban-marjanovic,DAL
Frank Ntilikina,https://www.espn.com/nba/player/gamelog/_/id/4230547/frank-ntilikina,DAL
Theo Pinson,https://www.espn.com/nba/player/gamelog/_/id/3138154/theo-pinson,DAL
Kristaps Porzingis,https://www.espn.com/nba/player/gamelog/_/id/3102531/kristaps-porzingis,DAL
Dwight Powell,https://www.espn.com/nba/player/gamelog/_/id/2531367/dwight-powell,DAL
D.J. Augustin,https://www.espn.com/nba/player/gamelog/_/id/3415/dj-augustin,HOU
Armoni Brooks,https://www.espn.com/nba/player/gamelog/_/id/4066450/armoni-brooks,HOU
Josh Christopher,https://www.espn.com/nba/player/gamelog/_/id/4432168/josh-christopher,HOU
Usman Garuba,https://www.espn.com/nba/player/gamelog/_/id/4871143/usman-garuba,HOU
Eric Gordon,https://www.espn.com/nba/player/gamelog/_/id/3431/eric-gordon,HOU
Jalen Green,https://www.espn.com/nba/player/gamelog/_/id/4437244/jalen-green,HOU
DeJon Jarreau,https://www.espn.com/nba/player/gamelog/_/id/4066796/dejon-jarreau,HOU
Kenyon Martin Jr.,https://www.espn.com/nba/player/gamelog/_/id/4431828/kenyon-martin-jr,HOU
Garrison Mathews,https://www.espn.com/nba/player/gamelog/_/id/3913180/garrison-mathews,HOU
Daishen Nix,https://www.espn.com/nba/player/gamelog/_/id/4432176/daishen-nix,HOU
David Nwaba,https://www.espn.com/nba/player/gamelog/_/id/3062744/david-nwaba,HOU
Kevin Porter Jr.,https://www.espn.com/nba/player/gamelog/_/id/4397140/kevin-porter-jr,HOU
Trevelin Queen,https://www.espn.com/nba/player/gamelog/_/id/4409222/trevelin-queen,HOU
Alperen Sengun,https://www.espn.com/nba/player/gamelog/_/id/4871144/alperen-sengun,HOU
Jae'Sean Tate,https://www.espn.com/nba/player/gamelog/_/id/3136777/jaesean-tate,HOU
Daniel Theis,https://www.espn.com/nba/player/gamelog/_/id/2451037/daniel-theis,HOU
John Wall,https://www.espn.com/nba/player/gamelog/_/id/4237/john-wall,HOU
Christian Wood,https://www.espn.com/nba/player/gamelog/_/id/3058254/christian-wood,HOU
Steven Adams,https://www.espn.com/nba/player/gamelog/_/id/2991235/steven-adams,MEM
Santi Aldama,https://www.espn.com/nba/player/gamelog/_/id/4593125/santi-aldama,MEM
Kyle Anderson,https://www.espn.com/nba/player/gamelog/_/id/2993874/kyle-anderson,MEM
Desmond Bane,https://www.espn.com/nba/player/gamelog/_/id/4066320/desmond-bane,MEM
Dillon Brooks,https://www.espn.com/nba/player/gamelog/_/id/3155526/dillon-brooks,MEM
Shaq Buchanan,https://www.espn.com/nba/player/gamelog/_/id/4279887/shaq-buchanan,MEM
Brandon Clarke,https://www.espn.com/nba/player/gamelog/_/id/3906665/brandon-clarke,MEM
Jarrett Culver,https://www.espn.com/nba/player/gamelog/_/id/4277928/jarrett-culver,MEM
Shaquille Harrison,https://www.espn.com/nba/player/gamelog/_/id/2991274/shaquille-harrison,MEM
Jaren Jackson Jr.,https://www.espn.com/nba/player/gamelog/_/id/4277961/jaren-jackson-jr,MEM
DaQuan Jeffries,https://www.espn.com/nba/player/gamelog/_/id/3913220/daquan-jeffries,MEM
Tyus Jones,https://www.espn.com/nba/player/gamelog/_/id/3135046/tyus-jones,MEM
John Konchar,https://www.espn.com/nba/player/gamelog/_/id/3134932/john-konchar,MEM
Dakota Mathias,https://www.espn.com/nba/player/gamelog/_/id/3136991/dakota-mathias,MEM
De'Anthony Melton,https://www.espn.com/nba/player/gamelog/_/id/4066436/deanthony-melton,MEM
Ja Morant,https://www.espn.com/nba/player/gamelog/_/id/4279888/ja-morant,MEM
Yves Pons,https://www.espn.com/nba/player/gamelog/_/id/4278116/yves-pons,MEM
Xavier Sneed,https://www.espn.com/nba/player/gamelog/_/id/4066303/xavier-sneed,MEM
Tyrell Terry,https://www.espn.com/nba/player/gamelog/_/id/4431747/tyrell-terry,MEM
Jon Teske,https://www.espn.com/nba/player/gamelog/_/id/4066378/jon-teske,MEM
Killian Tillie,https://www.espn.com/nba/player/gamelog/_/id/4066651/killian-tillie,MEM
Xavier Tillman,https://www.espn.com/nba/player/gamelog/_/id/4277964/xavier-tillman,MEM
Ziaire Williams,https://www.espn.com/nba/player/gamelog/_/id/4433137/ziaire-williams,MEM
Nickeil Alexander-Walker,https://www.espn.com/nba/player/gamelog/_/id/4278039/nickeil-alexander-walker,NO
Jose Alvarado,https://www.espn.com/nba/player/gamelog/_/id/4277869/jose-alvarado,NO
Gary Clark,https://www.espn.com/nba/player/gamelog/_/id/3132042/gary-clark,NO
Devonte' Graham,https://www.espn.com/nba/player/gamelog/_/id/3133601/devonte-graham,NO
Jared Harper,https://www.espn.com/nba/player/gamelog/_/id/4066248/jared-harper,NO
Josh Hart,https://www.espn.com/nba/player/gamelog/_/id/3062679/josh-hart,NO
Jaxson Hayes,https://www.espn.com/nba/player/gamelog/_/id/4397077/jaxson-hayes,NO
Willy Hernangomez,https://www.espn.com/nba/player/gamelog/_/id/2999409/willy-hernangomez,NO
Feron Hunt,https://www.espn.com/nba/player/gamelog/_/id/4396638/feron-hunt,NO
Brandon Ingram,https://www.espn.com/nba/player/gamelog/_/id/3913176/brandon-ingram,NO
Herbert Jones,https://www.espn.com/nba/player/gamelog/_/id/4277813/herbert-jones,NO
Kira Lewis Jr.,https://www.espn.com/nba/player/gamelog/_/id/4395698/kira-lewis-jr,NO
Didi Louzada,https://www.espn.com/nba/player/gamelog/_/id/4423885/didi-louzada,NO
Naji Marshall,https://www.espn.com/nba/player/gamelog/_/id/4278594/naji-marshall,NO
Trey Murphy III,https://www.espn.com/nba/player/gamelog/_/id/4397688/trey-murphy-iii,NO
Tomas Satoransky,https://www.espn.com/nba/player/gamelog/_/id/6621/tomas-satoransky,NO
Garrett Temple,https://www.espn.com/nba/player/gamelog/_/id/4023/garrett-temple,NO
Jonas Valanciunas,https://www.espn.com/nba/player/gamelog/_/id/6477/jonas-valanciunas,NO
Zion Williamson,https://www.espn.com/nba/player/gamelog/_/id/4395628/zion-williamson,NO
Keita Bates-Diop,https://www.espn.com/nba/player/gamelog/_/id/3136779/keita-bates-diop,SA
Devontae Cacok,https://www.espn.com/nba/player/gamelog/_/id/3946974/devontae-cacok,SA
Zach Collins,https://www.espn.com/nba/player/gamelog/_/id/4066650/zach-collins,SA
Drew Eubanks,https://www.espn.com/nba/player/gamelog/_/id/3914285/drew-eubanks,SA
Juancho Hernangomez,https://www.espn.com/nba/player/gamelog/_/id/4017839/juancho-hernangomez,SA
Keldon Johnson,https://www.espn.com/nba/player/gamelog/_/id/4395723/keldon-johnson,SA
Tre Jones,https://www.espn.com/nba/player/gamelog/_/id/4395626/tre-jones,SA
Jock Landale,https://www.espn.com/nba/player/gamelog/_/id/3146557/jock-landale,SA
Doug McDermott,https://www.espn.com/nba/player/gamelog/_/id/2528588/doug-mcdermott,SA
Jaylen Morris,https://www.espn.com/nba/player/gamelog/_/id/3952343/jaylen-morris,SA
Dejounte Murray,https://www.espn.com/nba/player/gamelog/_/id/3907497/dejounte-murray,SA
Jakob Poeltl,https://www.espn.com/nba/player/gamelog/_/id/3134908/jakob-poeltl,SA
Joshua Primo,https://www.espn.com/nba/player/gamelog/_/id/4702176/joshua-primo,SA
Devin Vassell,https://www.espn.com/nba/player/gamelog/_/id/4395630/devin-vassell,SA
Lonnie Walker IV,https://www.espn.com/nba/player/gamelog/_/id/4277890/lonnie-walker-iv,SA
Derrick White,https://www.espn.com/nba/player/gamelog/_/id/3078576/derrick-white,SA
Joe Wieskamp,https://www.espn.com/nba/player/gamelog/_/id/4397033/joe-wieskamp,SA
Thaddeus Young,https://www.espn.com/nba/player/gamelog/_/id/3244/thaddeus-young,SA
Bogdan Bogdanovic,https://www.espn.com/nba/player/gamelog/_/id/3037789/bogdan-bogdanovic,ATL
Clint Capela,https://www.espn.com/nba/player/gamelog/_/id/3102529/clint-capela,ATL
John Collins,https://www.espn.com/nba/player/gamelog/_/id/3908845/john-collins,ATL
Sharife Cooper,https://www.espn.com/nba/player/gamelog/_/id/4432173/sharife-cooper,ATL
Gorgui Dieng,https://www.espn.com/nba/player/gamelog/_/id/2534781/gorgui-dieng,ATL
Danilo Gallinari,https://www.espn.com/nba/player/gamelog/_/id/3428/danilo-gallinari,ATL
Kevin Huerter,https://www.espn.com/nba/player/gamelog/_/id/4066372/kevin-huerter,ATL
De'Andre Hunter,https://www.espn.com/nba/player/gamelog/_/id/4065732/deandre-hunter,ATL
Jalen Johnson,https://www.espn.com/nba/player/gamelog/_/id/4701230/jalen-johnson,ATL
Kevin Knox II,https://www.espn.com/nba/player/gamelog/_/id/4278075/kevin-knox-ii,ATL
Timothe Luwawu-Cabarrot,https://www.espn.com/nba/player/gamelog/_/id/3893019/timothe-luwawu-cabarrot,ATL
Skylar Mays,https://www.espn.com/nba/player/gamelog/_/id/4066269/skylar-mays,ATL
Onyeka Okongwu,https://www.espn.com/nba/player/gamelog/_/id/4431680/onyeka-okongwu,ATL
Lou Williams,https://www.espn.com/nba/player/gamelog/_/id/2799/lou-williams,ATL
Delon Wright,https://www.espn.com/nba/player/gamelog/_/id/3064447/delon-wright,ATL
Trae Young,https://www.espn.com/nba/player/gamelog/_/id/4277905/trae-young,ATL
LaMelo Ball,https://www.espn.com/nba/player/gamelog/_/id/4432816/lamelo-ball,CHA
James Bouknight,https://www.espn.com/nba/player/gamelog/_/id/4431712/james-bouknight,CHA
Miles Bridges,https://www.espn.com/nba/player/gamelog/_/id/4066383/miles-bridges,CHA
Vernon Carey Jr.,https://www.espn.com/nba/player/gamelog/_/id/4431669/vernon-carey-jr,CHA
Gordon Hayward,https://www.espn.com/nba/player/gamelog/_/id/4249/gordon-hayward,CHA
Kai Jones,https://www.espn.com/nba/player/gamelog/_/id/4431699/kai-jones,CHA
Arnoldas Kulboka,https://www.espn.com/nba/player/gamelog/_/id/4230551/arnoldas-kulboka,CHA
Scottie Lewis,https://www.espn.com/nba/player/gamelog/_/id/4432812/scottie-lewis,CHA
Cody Martin,https://www.espn.com/nba/player/gamelog/_/id/3138161/cody-martin,CHA
Jalen McDaniels,https://www.espn.com/nba/player/gamelog/_/id/4066731/jalen-mcdaniels,CHA
Kelly Oubre Jr.,https://www.espn.com/nba/player/gamelog/_/id/3133603/kelly-oubre-jr,CHA
Mason Plumlee,https://www.espn.com/nba/player/gamelog/_/id/2488653/mason-plumlee,CHA
Nick Richards,https://www.espn.com/nba/player/gamelog/_/id/4278076/nick-richards,CHA
Terry Rozier,https://www.espn.com/nba/player/gamelog/_/id/3074752/terry-rozier,CHA
Ish Smith,https://www.espn.com/nba/player/gamelog/_/id/4305/ish-smith,CHA
JT Thor,https://www.espn.com/nba/player/gamelog/_/id/4702233/jt-thor,CHA
P.J. Washington,https://www.espn.com/nba/player/gamelog/_/id/4278078/pj-washington,CHA
Bam Adebayo,https://www.espn.com/nba/player/gamelog/_/id/4066261/bam-adebayo,MIA
Jimmy Butler,https://www.espn.com/nba/player/gamelog/_/id/6430/jimmy-butler,MIA
Dewayne Dedmon,https://www.espn.com/nba/player/gamelog/_/id/2580913/dewayne-dedmon,MIA
Marcus Garrett,https://www.espn.com/nba/player/gamelog/_/id/4277892/marcus-garrett,MIA
Kyle Guy,https://www.espn.com/nba/player/gamelog/_/id/4065730/kyle-guy,MIA
Udonis Haslem,https://www.espn.com/nba/player/gamelog/_/id/2184/udonis-haslem,MIA
Tyler Herro,https://www.espn.com/nba/player/gamelog/_/id/4395725/tyler-herro,MIA
Haywood Highsmith,https://www.espn.com/nba/player/gamelog/_/id/4291678/haywood-highsmith,MIA
Aric Holman,https://www.espn.com/nba/player/gamelog/_/id/3907360/aric-holman,MIA
Kyle Lowry,https://www.espn.com/nba/player/gamelog/_/id/3012/kyle-lowry,MIA
Caleb Martin,https://www.espn.com/nba/player/gamelog/_/id/3138160/caleb-martin,MIA
Markieff Morris,https://www.espn.com/nba/player/gamelog/_/id/6461/markieff-morris,MIA
KZ Okpala,https://www.espn.com/nba/player/gamelog/_/id/4278521/kz-okpala,MIA
Victor Oladipo,https://www.espn.com/nba/player/gamelog/_/id/2527963/victor-oladipo,MIA
Duncan Robinson,https://www.espn.com/nba/player/gamelog/_/id/3157465/duncan-robinson,MIA
Chris Silva,https://www.espn.com/nba/player/gamelog/_/id/3923253/chris-silva,MIA
Nik Stauskas,https://www.espn.com/nba/player/gamelog/_/id/2991042/nik-stauskas,MIA
Max Strus,https://www.espn.com/nba/player/gamelog/_/id/4065778/max-strus,MIA
P.J. Tucker,https://www.espn.com/nba/player/gamelog/_/id/3033/pj-tucker,MIA
Gabe Vincent,https://www.espn.com/nba/player/gamelog/_/id/3137259/gabe-vincent,MIA
Omer Yurtseven,https://www.espn.com/nba/player/gamelog/_/id/3074213/omer-yurtseven,MIA
Cole Anthony,https://www.espn.com/nba/player/gamelog/_/id/4432809/cole-anthony,ORL
Mo Bamba,https://www.espn.com/nba/player/gamelog/_/id/4277919/mo-bamba,ORL
Ignas Brazdeikis,https://www.espn.com/nba/player/gamelog/_/id/4397205/ignas-brazdeikis,ORL
Wendell Carter Jr.,https://www.espn.com/nba/player/gamelog/_/id/4277847/wendell-carter-jr,ORL
Michael Carter-Williams,https://www.espn.com/nba/player/gamelog/_/id/2596108/michael-carter-williams,ORL
Tim Frazier,https://www.espn.com/nba/player/gamelog/_/id/2488945/tim-frazier,ORL
Markelle Fultz,https://www.espn.com/nba/player/gamelog/_/id/4066636/markelle-fultz,ORL
Freddie Gillespie,https://www.espn.com/nba/player/gamelog/_/id/4277886/freddie-gillespie,ORL
Hassani Gravett,https://www.espn.com/nba/player/gamelog/_/id/4066221/hassani-gravett,ORL
R.J. Hampton,https://www.espn.com/nba/player/gamelog/_/id/4590530/rj-hampton,ORL
Gary Harris,https://www.espn.com/nba/player/gamelog/_/id/2999547/gary-harris,ORL
Jonathan Isaac,https://www.espn.com/nba/player/gamelog/_/id/4065654/jonathan-isaac,ORL
Robin Lopez,https://www.espn.com/nba/player/gamelog/_/id/3447/robin-lopez,ORL
E'Twaun Moore,https://www.espn.com/nba/player/gamelog/_/id/6460/etwaun-moore,ORL
Mychal Mulder,https://www.espn.com/nba/player/gamelog/_/id/3936298/mychal-mulder,ORL
Chuma Okeke,https://www.espn.com/nba/player/gamelog/_/id/4278052/chuma-okeke,ORL
Terrence Ross,https://www.espn.com/nba/player/gamelog/_/id/6619/terrence-ross,ORL
Admiral Schofield,https://www.espn.com/nba/player/gamelog/_/id/3918423/admiral-schofield,ORL
Jalen Suggs,https://www.espn.com/nba/player/gamelog/_/id/4432165/jalen-suggs,ORL
Franz Wagner,https://www.espn.com/nba/player/gamelog/_/id/4566434/franz-wagner,ORL
Moritz Wagner,https://www.espn.com/nba/player/gamelog/_/id/3150844/moritz-wagner,ORL
Deni Avdija,https://www.espn.com/nba/player/gamelog/_/id/4683021/deni-avdija,WSH
Joel Ayayi,https://www.espn.com/nba/player/gamelog/_/id/4280150/joel-ayayi,WSH
Bradley Beal,https://www.espn.com/nba/player/gamelog/_/id/6580/bradley-beal,WSH
Davis Bertans,https://www.espn.com/nba/player/gamelog/_/id/6426/davis-bertans,WSH
Thomas Bryant,https://www.espn.com/nba/player/gamelog/_/id/3934723/thomas-bryant,WSH
Kentavious Caldwell-Pope,https://www.espn.com/nba/player/gamelog/_/id/2581018/kentavious-caldwell-pope,WSH
Spencer Dinwiddie,https://www.espn.com/nba/player/gamelog/_/id/2580782/spencer-dinwiddie,WSH
Jaime Echenique,https://www.espn.com/nba/player/gamelog/_/id/4396682/jaime-echenique,WSH
Daniel Gafford,https://www.espn.com/nba/player/gamelog/_/id/4278049/daniel-gafford,WSH
Anthony Gill,https://www.espn.com/nba/player/gamelog/_/id/2581184/anthony-gill,WSH
Rui Hachimura,https://www.espn.com/nba/player/gamelog/_/id/4066648/rui-hachimura,WSH
Montrezl Harrell,https://www.espn.com/nba/player/gamelog/_/id/2991055/montrezl-harrell,WSH
Aaron Holiday,https://www.espn.com/nba/player/gamelog/_/id/3922230/aaron-holiday,WSH
Alize Johnson,https://www.espn.com/nba/player/gamelog/_/id/4067045/alize-johnson,WSH
Corey Kispert,https://www.espn.com/nba/player/gamelog/_/id/4280151/corey-kispert,WSH
Kyle Kuzma,https://www.espn.com/nba/player/gamelog/_/id/3134907/kyle-kuzma,WSH
Raul Neto,https://www.espn.com/nba/player/gamelog/_/id/2968361/raul-neto,WSH
Craig Sword,https://www.espn.com/nba/player/gamelog/_/id/2991312/craig-sword,WSH
Isaiah Todd,https://www.espn.com/nba/player/gamelog/_/id/4715198/isaiah-todd,WSH
Brad Wanamaker,https://www.espn.com/nba/player/gamelog/_/id/6507/brad-wanamaker,WSH
Tremont Waters,https://www.espn.com/nba/player/gamelog/_/id/4278080/tremont-waters,WSH
Cassius Winston,https://www.espn.com/nba/player/gamelog/_/id/4066382/cassius-winston,WSH
Will Barton,https://www.espn.com/nba/player/gamelog/_/id/6579/will-barton,DEN
Facundo Campazzo,https://www.espn.com/nba/player/gamelog/_/id/2968334/facundo-campazzo,DEN
Vlatko Cancar,https://www.espn.com/nba/player/gamelog/_/id/4230557/vlatko-cancar,DEN
DeMarcus Cousins,https://www.espn.com/nba/player/gamelog/_/id/4258/demarcus-cousins,DEN
James Ennis III,https://www.espn.com/nba/player/gamelog/_/id/2579321/james-ennis-iii,DEN
Bryn Forbes,https://www.espn.com/nba/player/gamelog/_/id/2994526/bryn-forbes,DEN
Aaron Gordon,https://www.espn.com/nba/player/gamelog/_/id/3064290/aaron-gordon,DEN
JaMychal Green,https://www.espn.com/nba/player/gamelog/_/id/2327577/jamychal-green,DEN
Jeff Green,https://www.espn.com/nba/player/gamelog/_/id/3209/jeff-green,DEN
Markus Howard,https://www.espn.com/nba/player/gamelog/_/id/4065805/markus-howard,DEN
Bones Hyland,https://www.espn.com/nba/player/gamelog/_/id/4592492/bones-hyland,DEN
Nikola Jokic,https://www.espn.com/nba/player/gamelog/_/id/3112335/nikola-jokic,DEN
Carlik Jones,https://www.espn.com/nba/player/gamelog/_/id/4067735/carlik-jones,DEN
Monte Morris,https://www.espn.com/nba/player/gamelog/_/id/3059310/monte-morris,DEN
Jamal Murray,https://www.espn.com/nba/player/gamelog/_/id/3936299/jamal-murray,DEN
Zeke Nnaji,https://www.espn.com/nba/player/gamelog/_/id/4431690/zeke-nnaji,DEN
Michael Porter Jr.,https://www.espn.com/nba/player/gamelog/_/id/4278104/michael-porter-jr,DEN
Davon Reed,https://www.espn.com/nba/player/gamelog/_/id/3059262/davon-reed,DEN
Austin Rivers,https://www.espn.com/nba/player/gamelog/_/id/6617/austin-rivers,DEN
Rayjon Tucker,https://www.espn.com/nba/player/gamelog/_/id/3908819/rayjon-tucker,DEN
Malik Beasley,https://www.espn.com/nba/player/gamelog/_/id/3907822/malik-beasley,MIN
Patrick Beverley,https://www.espn.com/nba/player/gamelog/_/id/3964/patrick-beverley,MIN
Leandro Bolmaro,https://www.espn.com/nba/player/gamelog/_/id/4683025/leandro-bolmaro,MIN
Anthony Edwards,https://www.espn.com/nba/player/gamelog/_/id/4594268/anthony-edwards,MIN
Nathan Knight,https://www.espn.com/nba/player/gamelog/_/id/4067325/nathan-knight,MIN
Jake Layman,https://www.espn.com/nba/player/gamelog/_/id/2982268/jake-layman,MIN
Jaden McDaniels,https://www.espn.com/nba/player/gamelog/_/id/4431671/jaden-mcdaniels,MIN
Jordan McLaughlin,https://www.espn.com/nba/player/gamelog/_/id/3134916/jordan-mclaughlin,MIN
Jaylen Nowell,https://www.espn.com/nba/player/gamelog/_/id/4278541/jaylen-nowell,MIN
Josh Okogie,https://www.espn.com/nba/player/gamelog/_/id/4065663/josh-okogie,MIN
Taurean Prince,https://www.espn.com/nba/player/gamelog/_/id/2990962/taurean-prince,MIN
Naz Reid,https://www.espn.com/nba/player/gamelog/_/id/4396971/naz-reid,MIN
D'Angelo Russell,https://www.espn.com/nba/player/gamelog/_/id/3136776/dangelo-russell,MIN
Karl-Anthony Towns,https://www.espn.com/nba/player/gamelog/_/id/3136195/karl-anthony-towns,MIN
Jarred Vanderbilt,https://www.espn.com/nba/player/gamelog/_/id/4278077/jarred-vanderbilt,MIN
McKinley Wright IV,https://www.espn.com/nba/player/gamelog/_/id/4278507/mckinley-wright-iv,MIN
Darius Bazley,https://www.espn.com/nba/player/gamelog/_/id/4423545/darius-bazley,OKC
Mamadi Diakite,https://www.espn.com/nba/player/gamelog/_/id/3947156/mamadi-diakite,OKC
Luguentz Dort,https://www.espn.com/nba/player/gamelog/_/id/4397020/luguentz-dort,OKC
Rob Edwards,https://www.espn.com/nba/player/gamelog/_/id/3914639/rob-edwards,OKC
Derrick Favors,https://www.espn.com/nba/player/gamelog/_/id/4257/derrick-favors,OKC
Josh Giddey,https://www.espn.com/nba/player/gamelog/_/id/4871145/josh-giddey,OKC
Shai Gilgeous-Alexander,https://www.espn.com/nba/player/gamelog/_/id/4278073/shai-gilgeous-alexander,OKC
Jaylen Hoard,https://www.espn.com/nba/player/gamelog/_/id/4395688/jaylen-hoard,OKC
Scotty Hopson,https://www.espn.com/nba/player/gamelog/_/id/2328418/scotty-hopson,OKC
Ty Jerome,https://www.espn.com/nba/player/gamelog/_/id/4065733/ty-jerome,OKC
Vit Krejci,https://www.espn.com/nba/player/gamelog/_/id/4578893/vit-krejci,OKC
Theo Maledon,https://www.espn.com/nba/player/gamelog/_/id/4683027/theo-maledon,OKC
Tre Mann,https://www.espn.com/nba/player/gamelog/_/id/4432819/tre-mann,OKC
Mike Muscala,https://www.espn.com/nba/player/gamelog/_/id/2490089/mike-muscala,OKC
Aleksej Pokusevski,https://www.espn.com/nba/player/gamelog/_/id/4683018/aleksej-pokusevski,OKC
Jeremiah Robinson-Earl,https://www.espn.com/nba/player/gamelog/_/id/4432813/jeremiah-robinson-earl,OKC
Isaiah Roby,https://www.espn.com/nba/player/gamelog/_/id/4066392/isaiah-roby,OKC
Paul Watson,https://www.espn.com/nba/player/gamelog/_/id/3058030/paul-watson,OKC
Aaron Wiggins,https://www.espn.com/nba/player/gamelog/_/id/4397183/aaron-wiggins,OKC
Kenrich Williams,https://www.espn.com/nba/player/gamelog/_/id/3133626/kenrich-williams,OKC
Keljin Blevins,https://www.espn.com/nba/player/gamelog/_/id/3152335/keljin-blevins,POR
Greg Brown III,https://www.espn.com/nba/player/gamelog/_/id/4432161/greg-brown-iii,POR
Robert Covington,https://www.espn.com/nba/player/gamelog/_/id/2490620/robert-covington,POR
Jarron Cumberland,https://www.espn.com/nba/player/gamelog/_/id/4066486/jarron-cumberland,POR
CJ Elleby,https://www.espn.com/nba/player/gamelog/_/id/4397166/cj-elleby,POR
Damian Lillard,https://www.espn.com/nba/player/gamelog/_/id/6606/damian-lillard,POR
Nassir Little,https://www.espn.com/nba/player/gamelog/_/id/4395652/nassir-little,POR
CJ McCollum,https://www.espn.com/nba/player/gamelog/_/id/2490149/cj-mccollum,POR
Cameron McGriff,https://www.espn.com/nba/player/gamelog/_/id/4066315/cameron-mcgriff,POR
Ben McLemore,https://www.espn.com/nba/player/gamelog/_/id/2578213/ben-mclemore,POR
Larry Nance Jr.,https://www.espn.com/nba/player/gamelog/_/id/2580365/larry-nance-jr,POR
Jusuf Nurkic,https://www.espn.com/nba/player/gamelog/_/id/3102530/jusuf-nurkic,POR
Reggie Perry,https://www.espn.com/nba/player/gamelog/_/id/4396959/reggie-perry,POR
Norman Powell,https://www.espn.com/nba/player/gamelog/_/id/2595516/norman-powell,POR
Anfernee Simons,https://www.espn.com/nba/player/gamelog/_/id/4351851/anfernee-simons,POR
Dennis Smith Jr.,https://www.espn.com/nba/player/gamelog/_/id/4065697/dennis-smith-jr,POR
Tony Snell,https://www.espn.com/nba/player/gamelog/_/id/2528353/tony-snell,POR
Trendon Watford,https://www.espn.com/nba/player/gamelog/_/id/4431675/trendon-watford,POR
Brandon Williams,https://www.espn.com/nba/player/gamelog/_/id/4397040/brandon-williams,POR
Cody Zeller,https://www.espn.com/nba/player/gamelog/_/id/2579258/cody-zeller,POR
Udoka Azubuike,https://www.espn.com/nba/player/gamelog/_/id/4066299/udoka-azubuike,UTAH
Bojan Bogdanovic,https://www.espn.com/nba/player/gamelog/_/id/3593/bojan-bogdanovic,UTAH
Jared Butler,https://www.espn.com/nba/player/gamelog/_/id/4395695/jared-butler,UTAH
Zylan Cheatham,https://www.espn.com/nba/player/gamelog/_/id/3137713/zylan-cheatham,UTAH
Jordan Clarkson,https://www.espn.com/nba/player/gamelog/_/id/2528426/jordan-clarkson,UTAH
Mike Conley,https://www.espn.com/nba/player/gamelog/_/id/3195/mike-conley,UTAH
Trent Forrest,https://www.espn.com/nba/player/gamelog/_/id/4065656/trent-forrest,UTAH
Rudy Gay,https://www.espn.com/nba/player/gamelog/_/id/3005/rudy-gay,UTAH
Rudy Gobert,https://www.espn.com/nba/player/gamelog/_/id/3032976/rudy-gobert,UTAH
Danuel House Jr.,https://www.espn.com/nba/player/gamelog/_/id/2991155/danuel-house-jr,UTAH
Elijah Hughes,https://www.espn.com/nba/player/gamelog/_/id/4066446/elijah-hughes,UTAH
Joe Ingles,https://www.espn.com/nba/player/gamelog/_/id/2968436/joe-ingles,UTAH
Donovan Mitchell,https://www.espn.com/nba/player/gamelog/_/id/3908809/donovan-mitchell,UTAH
Royce O'Neale,https://www.espn.com/nba/player/gamelog/_/id/2583632/royce-oneale,UTAH
Eric Paschall,https://www.espn.com/nba/player/gamelog/_/id/3133817/eric-paschall,UTAH
Norvel Pelle,https://www.espn.com/nba/player/gamelog/_/id/2608892/norvel-pelle,UTAH
Denzel Valentine,https://www.espn.com/nba/player/gamelog/_/id/2999549/denzel-valentine,UTAH
Hassan Whiteside,https://www.espn.com/nba/player/gamelog/_/id/4262/hassan-whiteside,UTAH
